https://www.fanatics.com/ ,?query= ,200905135,38/40/41 MM SHORT,,Fanatics,BOOP-HD2-CLA-38S,success
https://www.fanatics.com/ ,?query= ,2471168,,,Fanatics,BCYB085,search not found
https://www.fanatics.com/ ,?query= ,2471180,,,Fanatics,BCYB145,search not found
https://www.fanatics.com/ ,?query= ,2471184,,,Fanatics,BCYB165,success
https://www.fanatics.com/ ,?query= ,200905118,38/40/41 MM LONG,,Fanatics,BOOP-HD1-CLA-38L,size not found
https://www.fanatics.com/ ,?query= ,200905118,38/40/41 MM SHORT,,Fanatics,BOOP-HD1-CLA-38S,success
https://www.fanatics.com/ ,?query= ,200905118,42/44/45/49 MM LONG,,Fanatics,BOOP-HD1-CLA-42L,success
https://www.fanatics.com/ ,?query= ,200905118,42/44/45/49 MM SHORT,,Fanatics,BOOP-HD1-CLA-42S,success
https://www.fanatics.com/ ,?query= ,200905164,APPLE 11 PRO MAX,,Fanatics,BOOP-HD1AM11-CLA,success
https://www.fanatics.com/ ,?query= ,200905164,APPLE 12 PRO MAX,,Fanatics,BOOP-HD1AM12-CLA,success
https://www.fanatics.com/ ,?query= ,200905164,APPLE 13 PRO MAX,,Fanatics,BOOP-HD1AM13-CLA,success
https://www.fanatics.com/ ,?query= ,200905164,APPLE 14 PRO MAX,,Fanatics,BOOP-HD1AM14-CLA,success
https://www.fanatics.com/ ,?query= ,200905164,APPLE 11 PRO,,Fanatics,BOOP-HD1AP11-CLA,success
https://www.fanatics.com/ ,?query= ,200905164,APPLE 12 PRO,,Fanatics,BOOP-HD1AP12-CLA,size not found
https://www.fanatics.com/ ,?query= ,200905164,APPLE 13 PRO,,Fanatics,BOOP-HD1AP13-CLA
https://www.fanatics.com/ ,?query= ,200905164,APPLE 14 PRO,,Fanatics,BOOP-HD1AP14-CLA
https://www.fanatics.com/ ,?query= ,200905164,APPLE 11,,Fanatics,BOOP-HD1AR11-CLA
https://www.fanatics.com/ ,?query= ,200905164,APPLE 12,,Fanatics,BOOP-HD1AR12-CLA
https://www.fanatics.com/ ,?query= ,200905164,APPLE 13,,Fanatics,BOOP-HD1AR13-CLA
https://www.fanatics.com/ ,?query= ,200905164,APPLE 14,,Fanatics,BOOP-HD1AR14-CLA
https://www.fanatics.com/ ,?query= ,200905164,APPLE 14 PLUS,,Fanatics,BOOP-HD1AS14-CLA
https://www.fanatics.com/ ,?query= ,200905135,38/40/41 MM LONG,,Fanatics,BOOP-HD2-CLA-38L
https://www.fanatics.com/ ,?query= ,2471155,,,Fanatics,BCYB010
https://www.fanatics.com/ ,?query= ,200905135,42/44/45/49 MM LONG,,Fanatics,BOOP-HD2-CLA-42L
https://www.fanatics.com/ ,?query= ,200905135,42/44/45/49 MM SHORT,,Fanatics,BOOP-HD2-CLA-42S
https://www.fanatics.com/ ,?query= ,200905178,APPLE 11 PRO MAX,,Fanatics,BOOP-HD2AM11-CLA
https://www.fanatics.com/ ,?query= ,200905178,APPLE 12 PRO MAX,,Fanatics,BOOP-HD2AM12-CLA
https://www.fanatics.com/ ,?query= ,200905178,APPLE 13 PRO MAX,,Fanatics,BOOP-HD2AM13-CLA
https://www.fanatics.com/ ,?query= ,200905178,APPLE 14 PRO MAX,,Fanatics,BOOP-HD2AM14-CLA
https://www.fanatics.com/ ,?query= ,200905178,APPLE 11 PRO,,Fanatics,BOOP-HD2AP11-CLA
https://www.fanatics.com/ ,?query= ,200905178,APPLE 12 PRO,,Fanatics,BOOP-HD2AP12-CLA
https://www.fanatics.com/ ,?query= ,200905178,APPLE 13 PRO,,Fanatics,BOOP-HD2AP13-CLA
https://www.fanatics.com/ ,?query= ,200905178,APPLE 14 PRO,,Fanatics,BOOP-HD2AP14-CLA
https://www.fanatics.com/ ,?query= ,200905178,APPLE 11,,Fanatics,BOOP-HD2AR11-CLA
https://www.fanatics.com/ ,?query= ,200905178,APPLE 12,,Fanatics,BOOP-HD2AR12-CLA
https://www.fanatics.com/ ,?query= ,200905178,APPLE 13,,Fanatics,BOOP-HD2AR13-CLA
https://www.fanatics.com/ ,?query= ,200905178,APPLE 14,,Fanatics,BOOP-HD2AR14-CLA
https://www.fanatics.com/ ,?query= ,200905178,APPLE 14 PLUS,,Fanatics,BOOP-HD2AS14-CLA
https://www.fanatics.com/ ,?query= ,200905152,38/40/41 MM LONG,,Fanatics,BOOP-HD3-CLA-38L
https://www.fanatics.com/ ,?query= ,200905152,38/40/41 MM SHORT,,Fanatics,BOOP-HD3-CLA-38S
https://www.fanatics.com/ ,?query= ,200905152,42/44/45/49 MM LONG,,Fanatics,BOOP-HD3-CLA-42L
https://www.fanatics.com/ ,?query= ,200905152,42/44/45/49 MM SHORT,,Fanatics,BOOP-HD3-CLA-42S
https://www.fanatics.com/ ,?query= ,200905187,APPLE 11 PRO MAX,,Fanatics,BOOP-HD3AM11-CLA
https://www.fanatics.com/ ,?query= ,200905187,APPLE 12 PRO MAX,,Fanatics,BOOP-HD3AM12-CLA
https://www.fanatics.com/ ,?query= ,200905187,APPLE 13 PRO MAX,,Fanatics,BOOP-HD3AM13-CLA
https://www.fanatics.com/ ,?query= ,200905187,APPLE 14 PRO MAX,,Fanatics,BOOP-HD3AM14-CLA
https://www.fanatics.com/ ,?query= ,200905187,APPLE 11 PRO,,Fanatics,BOOP-HD3AP11-CLA
https://www.fanatics.com/ ,?query= ,200905187,APPLE 12 PRO,,Fanatics,BOOP-HD3AP12-CLA
https://www.fanatics.com/ ,?query= ,200905187,APPLE 13 PRO,,Fanatics,BOOP-HD3AP13-CLA
https://www.fanatics.com/ ,?query= ,200905187,APPLE 14 PRO,,Fanatics,BOOP-HD3AP14-CLA
https://www.fanatics.com/ ,?query= ,200905187,APPLE 11,,Fanatics,BOOP-HD3AR11-CLA
https://www.fanatics.com/ ,?query= ,200905187,APPLE 12,,Fanatics,BOOP-HD3AR12-CLA
https://www.fanatics.com/ ,?query= ,200905187,APPLE 13,,Fanatics,BOOP-HD3AR13-CLA
https://www.fanatics.com/ ,?query= ,200905187,APPLE 14,,Fanatics,BOOP-HD3AR14-CLA
https://www.fanatics.com/ ,?query= ,200905187,APPLE 14 PLUS,,Fanatics,BOOP-HD3AS14-CLA
https://www.fanatics.com/ ,?query= ,200905153,38/40/41 MM LONG,,Fanatics,BOOP-HD4-CLA-38L
https://www.fanatics.com/ ,?query= ,200905153,38/40/41 MM SHORT,,Fanatics,BOOP-HD4-CLA-38S
https://www.fanatics.com/ ,?query= ,200905153,42/44/45/49 MM LONG,,Fanatics,BOOP-HD4-CLA-42L
https://www.fanatics.com/ ,?query= ,200905153,42/44/45/49 MM SHORT,,Fanatics,BOOP-HD4-CLA-42S
https://www.fanatics.com/ ,?query= ,200905185,APPLE 11 PRO MAX,,Fanatics,BOOP-HD4AM11-CLA
https://www.fanatics.com/ ,?query= ,200905185,APPLE 12 PRO MAX,,Fanatics,BOOP-HD4AM12-CLA
https://www.fanatics.com/ ,?query= ,200905185,APPLE 13 PRO MAX,,Fanatics,BOOP-HD4AM13-CLA
https://www.fanatics.com/ ,?query= ,200905185,APPLE 14 PRO MAX,,Fanatics,BOOP-HD4AM14-CLA
https://www.fanatics.com/ ,?query= ,200905185,APPLE 11 PRO,,Fanatics,BOOP-HD4AP11-CLA
https://www.fanatics.com/ ,?query= ,200905185,APPLE 12 PRO,,Fanatics,BOOP-HD4AP12-CLA
https://www.fanatics.com/ ,?query= ,200905185,APPLE 13 PRO,,Fanatics,BOOP-HD4AP13-CLA
https://www.fanatics.com/ ,?query= ,200905185,APPLE 14 PRO,,Fanatics,BOOP-HD4AP14-CLA
https://www.fanatics.com/ ,?query= ,200905185,APPLE 11,,Fanatics,BOOP-HD4AR11-CLA
https://www.fanatics.com/ ,?query= ,200905185,APPLE 12,,Fanatics,BOOP-HD4AR12-CLA
https://www.fanatics.com/ ,?query= ,200905185,APPLE 13,,Fanatics,BOOP-HD4AR13-CLA
https://www.fanatics.com/ ,?query= ,200905185,APPLE 14,,Fanatics,BOOP-HD4AR14-CLA
https://www.fanatics.com/ ,?query= ,200905185,APPLE 14 PLUS,,Fanatics,BOOP-HD4AS14-CLA
https://www.fanatics.com/ ,?query= ,200905155,38/40/41 MM LONG,,Fanatics,BOOP-HD5-CLA-38L
https://www.fanatics.com/ ,?query= ,200905155,38/40/41 MM SHORT,,Fanatics,BOOP-HD5-CLA-38S
https://www.fanatics.com/ ,?query= ,200905155,42/44/45/49 MM LONG,,Fanatics,BOOP-HD5-CLA-42L
https://www.fanatics.com/ ,?query= ,200905155,42/44/45/49 MM SHORT,,Fanatics,BOOP-HD5-CLA-42S
https://www.fanatics.com/ ,?query= ,200905194,APPLE 11 PRO MAX,,Fanatics,BOOP-HD5AM11-CLA
https://www.fanatics.com/ ,?query= ,200905194,APPLE 12 PRO MAX,,Fanatics,BOOP-HD5AM12-CLA
https://www.fanatics.com/ ,?query= ,200905194,APPLE 13 PRO MAX,,Fanatics,BOOP-HD5AM13-CLA
https://www.fanatics.com/ ,?query= ,200905194,APPLE 14 PRO MAX,,Fanatics,BOOP-HD5AM14-CLA
https://www.fanatics.com/ ,?query= ,200905194,APPLE 11 PRO,,Fanatics,BOOP-HD5AP11-CLA
https://www.fanatics.com/ ,?query= ,200905194,APPLE 12 PRO,,Fanatics,BOOP-HD5AP12-CLA
https://www.fanatics.com/ ,?query= ,200905194,APPLE 13 PRO,,Fanatics,BOOP-HD5AP13-CLA
https://www.fanatics.com/ ,?query= ,200905194,APPLE 14 PRO,,Fanatics,BOOP-HD5AP14-CLA
https://www.fanatics.com/ ,?query= ,200905194,APPLE 11,,Fanatics,BOOP-HD5AR11-CLA
https://www.fanatics.com/ ,?query= ,200905194,APPLE 12,,Fanatics,BOOP-HD5AR12-CLA
https://www.fanatics.com/ ,?query= ,200905194,APPLE 13,,Fanatics,BOOP-HD5AR13-CLA
https://www.fanatics.com/ ,?query= ,200905194,APPLE 14,,Fanatics,BOOP-HD5AR14-CLA
https://www.fanatics.com/ ,?query= ,200905194,APPLE 14 PLUS,,Fanatics,BOOP-HD5AS14-CLA
https://www.fanatics.com/ ,?query= ,200905154,38/40/41 MM LONG,,Fanatics,BOOP-HD6-CLA-38L
https://www.fanatics.com/ ,?query= ,200905154,38/40/41 MM SHORT,,Fanatics,BOOP-HD6-CLA-38S
https://www.fanatics.com/ ,?query= ,200905154,42/44/45/49 MM LONG,,Fanatics,BOOP-HD6-CLA-42L
https://www.fanatics.com/ ,?query= ,200905154,42/44/45/49 MM SHORT,,Fanatics,BOOP-HD6-CLA-42S
https://www.fanatics.com/ ,?query= ,200905163,APPLE 11 PRO MAX,,Fanatics,BOOP-HD6AM11-CLA
https://www.fanatics.com/ ,?query= ,200905163,APPLE 12 PRO MAX,,Fanatics,BOOP-HD6AM12-CLA
https://www.fanatics.com/ ,?query= ,200905163,APPLE 13 PRO MAX,,Fanatics,BOOP-HD6AM13-CLA
https://www.fanatics.com/ ,?query= ,200905163,APPLE 14 PRO MAX,,Fanatics,BOOP-HD6AM14-CLA
https://www.fanatics.com/ ,?query= ,200905163,APPLE 11 PRO,,Fanatics,BOOP-HD6AP11-CLA
https://www.fanatics.com/ ,?query= ,200905163,APPLE 12 PRO,,Fanatics,BOOP-HD6AP12-CLA
https://www.fanatics.com/ ,?query= ,200905163,APPLE 13 PRO,,Fanatics,BOOP-HD6AP13-CLA
https://www.fanatics.com/ ,?query= ,200905163,APPLE 14 PRO,,Fanatics,BOOP-HD6AP14-CLA
https://www.fanatics.com/ ,?query= ,200905163,APPLE 11,,Fanatics,BOOP-HD6AR11-CLA
https://www.fanatics.com/ ,?query= ,200905163,APPLE 12,,Fanatics,BOOP-HD6AR12-CLA
https://www.fanatics.com/ ,?query= ,200905163,APPLE 13,,Fanatics,BOOP-HD6AR13-CLA
https://www.fanatics.com/ ,?query= ,200905163,APPLE 14,,Fanatics,BOOP-HD6AR14-CLA
https://www.fanatics.com/ ,?query= ,200905163,APPLE 14 PLUS,,Fanatics,BOOP-HD6AS14-CLA
https://www.fanatics.com/ ,?query= ,200905147,38/40/41 MM LONG,,Fanatics,BOOP-HD7-CLA-38L
https://www.fanatics.com/ ,?query= ,200905147,38/40/41 MM SHORT,,Fanatics,BOOP-HD7-CLA-38S
https://www.fanatics.com/ ,?query= ,200905147,42/44/45/49 MM LONG,,Fanatics,BOOP-HD7-CLA-42L
https://www.fanatics.com/ ,?query= ,200905147,42/44/45/49 MM SHORT,,Fanatics,BOOP-HD7-CLA-42S
https://www.fanatics.com/ ,?query= ,200905200,APPLE 11 PRO MAX,,Fanatics,BOOP-HD7AM11-CLA
https://www.fanatics.com/ ,?query= ,200905200,APPLE 12 PRO MAX,,Fanatics,BOOP-HD7AM12-CLA
https://www.fanatics.com/ ,?query= ,200905200,APPLE 13 PRO MAX,,Fanatics,BOOP-HD7AM13-CLA
https://www.fanatics.com/ ,?query= ,200905200,APPLE 14 PRO MAX,,Fanatics,BOOP-HD7AM14-CLA
https://www.fanatics.com/ ,?query= ,200905200,APPLE 11 PRO,,Fanatics,BOOP-HD7AP11-CLA
https://www.fanatics.com/ ,?query= ,200905200,APPLE 12 PRO,,Fanatics,BOOP-HD7AP12-CLA
https://www.fanatics.com/ ,?query= ,200905200,APPLE 13 PRO,,Fanatics,BOOP-HD7AP13-CLA
https://www.fanatics.com/ ,?query= ,200905200,APPLE 14 PRO,,Fanatics,BOOP-HD7AP14-CLA
https://www.fanatics.com/ ,?query= ,200905200,APPLE 11,,Fanatics,BOOP-HD7AR11-CLA
https://www.fanatics.com/ ,?query= ,200905200,APPLE 12,,Fanatics,BOOP-HD7AR12-CLA
https://www.fanatics.com/ ,?query= ,200905200,APPLE 13,,Fanatics,BOOP-HD7AR13-CLA
https://www.fanatics.com/ ,?query= ,200905200,APPLE 14,,Fanatics,BOOP-HD7AR14-CLA
https://www.fanatics.com/ ,?query= ,200905200,APPLE 14 PLUS,,Fanatics,BOOP-HD7AS14-CLA
https://www.fanatics.com/ ,?query= ,200905131,38/40/41 MM LONG,,Fanatics,BOOP-HD8-CLA-38L
https://www.fanatics.com/ ,?query= ,200905131,38/40/41 MM SHORT,,Fanatics,BOOP-HD8-CLA-38S
https://www.fanatics.com/ ,?query= ,200905131,42/44/45/49 MM LONG,,Fanatics,BOOP-HD8-CLA-42L
https://www.fanatics.com/ ,?query= ,200905131,42/44/45/49 MM SHORT,,Fanatics,BOOP-HD8-CLA-42S
https://www.fanatics.com/ ,?query= ,200905179,APPLE 11 PRO MAX,,Fanatics,BOOP-HD8AM11-CLA
https://www.fanatics.com/ ,?query= ,200905179,APPLE 12 PRO MAX,,Fanatics,BOOP-HD8AM12-CLA
https://www.fanatics.com/ ,?query= ,200905179,APPLE 13 PRO MAX,,Fanatics,BOOP-HD8AM13-CLA
https://www.fanatics.com/ ,?query= ,200905179,APPLE 14 PRO MAX,,Fanatics,BOOP-HD8AM14-CLA
https://www.fanatics.com/ ,?query= ,200905179,APPLE 11 PRO,,Fanatics,BOOP-HD8AP11-CLA
https://www.fanatics.com/ ,?query= ,200905179,APPLE 12 PRO,,Fanatics,BOOP-HD8AP12-CLA
https://www.fanatics.com/ ,?query= ,200905179,APPLE 13 PRO,,Fanatics,BOOP-HD8AP13-CLA
https://www.fanatics.com/ ,?query= ,200905179,APPLE 14 PRO,,Fanatics,BOOP-HD8AP14-CLA
https://www.fanatics.com/ ,?query= ,200905179,APPLE 11,,Fanatics,BOOP-HD8AR11-CLA
https://www.fanatics.com/ ,?query= ,200905179,APPLE 12,,Fanatics,BOOP-HD8AR12-CLA
https://www.fanatics.com/ ,?query= ,200905179,APPLE 13,,Fanatics,BOOP-HD8AR13-CLA
https://www.fanatics.com/ ,?query= ,200905179,APPLE 14,,Fanatics,BOOP-HD8AR14-CLA
https://www.fanatics.com/ ,?query= ,200905179,APPLE 14 PLUS,,Fanatics,BOOP-HD8AS14-CLA
https://www.fanatics.com/ ,?query= ,200905300,,,Fanatics,BOOP-HDXAAP1-CLA
https://www.fanatics.com/ ,?query= ,200905299,,,Fanatics,BOOP-HDXAAP2-CLA
https://www.fanatics.com/ ,?query= ,200905326,,,Fanatics,BOOP-HDXAAP3-CLA
https://www.fanatics.com/ ,?query= ,200905302,,,Fanatics,BOOP-HDXAAP4-CLA
https://www.fanatics.com/ ,?query= ,200905333,,,Fanatics,BOOP-HDXAAP5-CLA
https://www.fanatics.com/ ,?query= ,200905314,,,Fanatics,BOOP-HDXAAP6-CLA
https://www.fanatics.com/ ,?query= ,200905327,,,Fanatics,BOOP-HDXAAP7-CLA
https://www.fanatics.com/ ,?query= ,200905332,,,Fanatics,BOOP-HDXAAP8-CLA
https://www.fanatics.com/ ,?query= ,200905212,,,Fanatics,BOOP-HDXAPA1-CLA
https://www.fanatics.com/ ,?query= ,200905218,,,Fanatics,BOOP-HDXAPA2-CLA
https://www.fanatics.com/ ,?query= ,200905241,,,Fanatics,BOOP-HDXAPA3-CLA
https://www.fanatics.com/ ,?query= ,200905220,,,Fanatics,BOOP-HDXAPA4-CLA
https://www.fanatics.com/ ,?query= ,200905246,,,Fanatics,BOOP-HDXAPA5-CLA
https://www.fanatics.com/ ,?query= ,200905228,,,Fanatics,BOOP-HDXAPA6-CLA
https://www.fanatics.com/ ,?query= ,200905240,,,Fanatics,BOOP-HDXAPA7-CLA
https://www.fanatics.com/ ,?query= ,200905247,,,Fanatics,BOOP-HDXAPA8-CLA
https://www.fanatics.com/ ,?query= ,200905258,,,Fanatics,BOOP-HDXAPC1-CLA
https://www.fanatics.com/ ,?query= ,200905265,,,Fanatics,BOOP-HDXAPC2-CLA
https://www.fanatics.com/ ,?query= ,200905271,,,Fanatics,BOOP-HDXAPC3-CLA
https://www.fanatics.com/ ,?query= ,200905267,,,Fanatics,BOOP-HDXAPC4-CLA
https://www.fanatics.com/ ,?query= ,200905277,,,Fanatics,BOOP-HDXAPC5-CLA
https://www.fanatics.com/ ,?query= ,200905287,,,Fanatics,BOOP-HDXAPC6-CLA
https://www.fanatics.com/ ,?query= ,200905269,,,Fanatics,BOOP-HDXAPC7-CLA
https://www.fanatics.com/ ,?query= ,200905279,,,Fanatics,BOOP-HDXAPC8-CLA
https://www.fanatics.com/ ,?query= ,3653280,,,Fanatics,C-101-AP1
https://www.fanatics.com/ ,?query= ,3897617,,,Fanatics,C-101-APP1
https://www.fanatics.com/ ,?query= ,3653282,,,Fanatics,C-103-AP1
https://www.fanatics.com/ ,?query= ,3653283,,,Fanatics,C-107-AP1
https://www.fanatics.com/ ,?query= ,3897616,,,Fanatics,C-107-APP1
https://www.fanatics.com/ ,?query= ,3653284,,,Fanatics,C-109-AP1
https://www.fanatics.com/ ,?query= ,3897640,,,Fanatics,C-109-APP1
https://www.fanatics.com/ ,?query= ,3653285,,,Fanatics,C-112-AP1
https://www.fanatics.com/ ,?query= ,3897626,,,Fanatics,C-112-APP1
https://www.fanatics.com/ ,?query= ,3653286,,,Fanatics,C-113-AP1
https://www.fanatics.com/ ,?query= ,3653289,,,Fanatics,C-114-AP1
https://www.fanatics.com/ ,?query= ,3897639,,,Fanatics,C-114-APP1
https://www.fanatics.com/ ,?query= ,3653290,,,Fanatics,C-115-AP1
https://www.fanatics.com/ ,?query= ,3897636,,,Fanatics,C-115-APP1
https://www.fanatics.com/ ,?query= ,3653291,,,Fanatics,C-116-AP1
https://www.fanatics.com/ ,?query= ,3897598,,,Fanatics,C-116-APP1
https://www.fanatics.com/ ,?query= ,3653293,,,Fanatics,C-117-AP1
https://www.fanatics.com/ ,?query= ,3897615,,,Fanatics,C-117-APP1
https://www.fanatics.com/ ,?query= ,3653294,,,Fanatics,C-118-AP1
https://www.fanatics.com/ ,?query= ,3897634,,,Fanatics,C-118-APP1
https://www.fanatics.com/ ,?query= ,3653296,,,Fanatics,C-119-AP1
https://www.fanatics.com/ ,?query= ,3653297,,,Fanatics,C-121-AP1
https://www.fanatics.com/ ,?query= ,3897614,,,Fanatics,C-121-APP1
https://www.fanatics.com/ ,?query= ,3653299,,,Fanatics,C-122-AP1
https://www.fanatics.com/ ,?query= ,3653300,,,Fanatics,C-125-AP1
https://www.fanatics.com/ ,?query= ,3897633,,,Fanatics,C-125-APP1
https://www.fanatics.com/ ,?query= ,3653302,,,Fanatics,C-127-AP1
https://www.fanatics.com/ ,?query= ,3897618,,,Fanatics,C-127-APP1
https://www.fanatics.com/ ,?query= ,3653303,,,Fanatics,C-128-AP1
https://www.fanatics.com/ ,?query= ,3653304,,,Fanatics,C-129-AP1
https://www.fanatics.com/ ,?query= ,3653305,,,Fanatics,C-132-AP1
https://www.fanatics.com/ ,?query= ,3653306,,,Fanatics,C-133-AP1
https://www.fanatics.com/ ,?query= ,3897643,,,Fanatics,C-133-APP1
https://www.fanatics.com/ ,?query= ,3653308,,,Fanatics,C-135-AP1
https://www.fanatics.com/ ,?query= ,3897637,,,Fanatics,C-135-APP1
https://www.fanatics.com/ ,?query= ,3653310,,,Fanatics,C-137-AP1
https://www.fanatics.com/ ,?query= ,3653311,,,Fanatics,C-140-AP1
https://www.fanatics.com/ ,?query= ,3653314,,,Fanatics,C-145-AP1
https://www.fanatics.com/ ,?query= ,3653315,,,Fanatics,C-147-AP1
https://www.fanatics.com/ ,?query= ,3653316,,,Fanatics,C-147-AP2
https://www.fanatics.com/ ,?query= ,3897620,,,Fanatics,C-147-APP1
https://www.fanatics.com/ ,?query= ,3653317,,,Fanatics,C-149-AP1
https://www.fanatics.com/ ,?query= ,3897604,,,Fanatics,C-149-APP1
https://www.fanatics.com/ ,?query= ,3653319,,,Fanatics,C-150-AP1
https://www.fanatics.com/ ,?query= ,3897609,,,Fanatics,C-150-APP1
https://www.fanatics.com/ ,?query= ,3653320,,,Fanatics,C-153-AP1
https://www.fanatics.com/ ,?query= ,3897644,,,Fanatics,C-153-APP1
https://www.fanatics.com/ ,?query= ,3653321,,,Fanatics,C-154-AP1
https://www.fanatics.com/ ,?query= ,3897613,,,Fanatics,C-154-APP1
https://www.fanatics.com/ ,?query= ,3653323,,,Fanatics,C-156-AP1
https://www.fanatics.com/ ,?query= ,3897619,,,Fanatics,C-156-APP1
https://www.fanatics.com/ ,?query= ,3653324,,,Fanatics,C-157-AP1
https://www.fanatics.com/ ,?query= ,3897611,,,Fanatics,C-157-APP1
https://www.fanatics.com/ ,?query= ,3653326,,,Fanatics,C-158-AP1
https://www.fanatics.com/ ,?query= ,3653327,,,Fanatics,C-162-AP1
https://www.fanatics.com/ ,?query= ,3897642,,,Fanatics,C-162-APP1
https://www.fanatics.com/ ,?query= ,3653328,,,Fanatics,C-167-AP1
https://www.fanatics.com/ ,?query= ,3653329,,,Fanatics,C-168-AP1
https://www.fanatics.com/ ,?query= ,3653330,,,Fanatics,C-172-AP1
https://www.fanatics.com/ ,?query= ,3653331,,,Fanatics,C-173-AP1
https://www.fanatics.com/ ,?query= ,3897629,,,Fanatics,C-173-APP1
https://www.fanatics.com/ ,?query= ,3653332,,,Fanatics,C-177-AP1
https://www.fanatics.com/ ,?query= ,3653333,,,Fanatics,C-177-AP2
https://www.fanatics.com/ ,?query= ,3897623,,,Fanatics,C-177-APP1
https://www.fanatics.com/ ,?query= ,3653334,,,Fanatics,C-178-AP1
https://www.fanatics.com/ ,?query= ,3897600,,,Fanatics,C-178-APP1
https://www.fanatics.com/ ,?query= ,3653335,,,Fanatics,C-182-AP1
https://www.fanatics.com/ ,?query= ,3653336,,,Fanatics,C-186-AP1
https://www.fanatics.com/ ,?query= ,3897612,,,Fanatics,C-186-APP1
https://www.fanatics.com/ ,?query= ,3653337,,,Fanatics,C-201-AP1
https://www.fanatics.com/ ,?query= ,3897621,,,Fanatics,C-201-APP1
https://www.fanatics.com/ ,?query= ,3653339,,,Fanatics,C-203-AP1
https://www.fanatics.com/ ,?query= ,3897638,,,Fanatics,C-203-APP1
https://www.fanatics.com/ ,?query= ,3653340,,,Fanatics,C-205-AP1
https://www.fanatics.com/ ,?query= ,3653342,,,Fanatics,C-283-AP1
https://www.fanatics.com/ ,?query= ,3653343,,,Fanatics,C-304-AP1
https://www.fanatics.com/ ,?query= ,3897635,,,Fanatics,C-304-APP1
https://www.fanatics.com/ ,?query= ,3653345,,,Fanatics,C-317-AP1
https://www.fanatics.com/ ,?query= ,3897610,,,Fanatics,C-317-APP1
https://www.fanatics.com/ ,?query= ,3653346,,,Fanatics,C-365-AP1
https://www.fanatics.com/ ,?query= ,3653347,,,Fanatics,C-376-AP1
https://www.fanatics.com/ ,?query= ,4773533,,,Fanatics,C-AAP1-110
https://www.fanatics.com/ ,?query= ,4773534,,,Fanatics,C-AAP1-128
https://www.fanatics.com/ ,?query= ,200448494,,,Fanatics,C-AAP1-132
https://www.fanatics.com/ ,?query= ,4773535,,,Fanatics,C-AAP1-307
https://www.fanatics.com/ ,?query= ,4773536,,,Fanatics,C-AAP2-121
https://www.fanatics.com/ ,?query= ,4773537,,,Fanatics,C-AAP2-283
https://www.fanatics.com/ ,?query= ,4773538,,,Fanatics,C-AAP2-304
https://www.fanatics.com/ ,?query= ,5137572,38/40/41 MM,,Fanatics,C-AB1-103-38
https://www.fanatics.com/ ,?query= ,5137572,42/44/45/49 MM,,Fanatics,C-AB1-103-42
https://www.fanatics.com/ ,?query= ,5137643,38/40/41 MM,,Fanatics,C-AB1-107-38
https://www.fanatics.com/ ,?query= ,5137643,42/44/45/49 MM,,Fanatics,C-AB1-107-42
https://www.fanatics.com/ ,?query= ,5137704,38/40/41 MM,,Fanatics,C-AB1-109-38
https://www.fanatics.com/ ,?query= ,5137704,42/44/45/49 MM,,Fanatics,C-AB1-109-42
https://www.fanatics.com/ ,?query= ,5137614,38/40/41 MM,,Fanatics,C-AB1-110-38
https://www.fanatics.com/ ,?query= ,5137614,42/44/45/49 MM,,Fanatics,C-AB1-110-42
https://www.fanatics.com/ ,?query= ,5137672,38/40/41 MM,,Fanatics,C-AB1-112-38
https://www.fanatics.com/ ,?query= ,5137672,42/44/45/49 MM,,Fanatics,C-AB1-112-42
https://www.fanatics.com/ ,?query= ,5137573,38/40/41 MM,,Fanatics,C-AB1-113-38
https://www.fanatics.com/ ,?query= ,5137573,42/44/45/49 MM,,Fanatics,C-AB1-113-42
https://www.fanatics.com/ ,?query= ,5137703,38/40/41 MM,,Fanatics,C-AB1-114-38
https://www.fanatics.com/ ,?query= ,5137703,42/44/45/49 MM,,Fanatics,C-AB1-114-42
https://www.fanatics.com/ ,?query= ,5137699,38/40/41 MM,,Fanatics,C-AB1-115-38
https://www.fanatics.com/ ,?query= ,5137699,42/44/45/49 MM,,Fanatics,C-AB1-115-42
https://www.fanatics.com/ ,?query= ,5137567,38/40/41 MM,,Fanatics,C-AB1-116-38
https://www.fanatics.com/ ,?query= ,5137567,42/44/45/49 MM,,Fanatics,C-AB1-116-42
https://www.fanatics.com/ ,?query= ,5137640,38/40/41 MM,,Fanatics,C-AB1-117-38
https://www.fanatics.com/ ,?query= ,5137640,42/44/45/49 MM,,Fanatics,C-AB1-117-42
https://www.fanatics.com/ ,?query= ,5137678,38/40/41 MM,,Fanatics,C-AB1-122-38
https://www.fanatics.com/ ,?query= ,5137678,42/44/45/49 MM,,Fanatics,C-AB1-122-42
https://www.fanatics.com/ ,?query= ,5137693,38/40/41 MM,,Fanatics,C-AB1-125-38
https://www.fanatics.com/ ,?query= ,5137693,42/44/45/49 MM,,Fanatics,C-AB1-125-42
https://www.fanatics.com/ ,?query= ,5137646,38/40/41 MM,,Fanatics,C-AB1-127-38
https://www.fanatics.com/ ,?query= ,5137646,42/44/45/49 MM,,Fanatics,C-AB1-127-42
https://www.fanatics.com/ ,?query= ,5137650,38/40/41 MM,,Fanatics,C-AB1-128-38
https://www.fanatics.com/ ,?query= ,5137650,42/44/45/49 MM,,Fanatics,C-AB1-128-42
https://www.fanatics.com/ ,?query= ,5137608,38/40/41 MM,,Fanatics,C-AB1-135-38
https://www.fanatics.com/ ,?query= ,5137608,42/44/45/49 MM,,Fanatics,C-AB1-135-42
https://www.fanatics.com/ ,?query= ,5137590,38/40/41 MM,,Fanatics,C-AB1-136-38
https://www.fanatics.com/ ,?query= ,5137590,42/44/45/49 MM,,Fanatics,C-AB1-136-42
https://www.fanatics.com/ ,?query= ,5137702,38/40/41 MM,,Fanatics,C-AB1-137-38
https://www.fanatics.com/ ,?query= ,5137702,42/44/45/49 MM,,Fanatics,C-AB1-137-42
https://www.fanatics.com/ ,?query= ,5137669,38/40/41 MM,,Fanatics,C-AB1-140-38
https://www.fanatics.com/ ,?query= ,5137669,42/44/45/49 MM,,Fanatics,C-AB1-140-42
https://www.fanatics.com/ ,?query= ,5137679,38/40/41 MM,,Fanatics,C-AB1-142-38
https://www.fanatics.com/ ,?query= ,5137679,42/44/45/49 MM,,Fanatics,C-AB1-142-42
https://www.fanatics.com/ ,?query= ,5137635,38/40/41 MM,,Fanatics,C-AB1-145-38
https://www.fanatics.com/ ,?query= ,5137635,42/44/45/49 MM,,Fanatics,C-AB1-145-42
https://www.fanatics.com/ ,?query= ,5137606,38/40/41 MM,,Fanatics,C-AB1-147-38
https://www.fanatics.com/ ,?query= ,5137606,42/44/45/49 MM,,Fanatics,C-AB1-147-42
https://www.fanatics.com/ ,?query= ,5137593,38/40/41 MM,,Fanatics,C-AB1-149-38
https://www.fanatics.com/ ,?query= ,5137593,42/44/45/49 MM,,Fanatics,C-AB1-149-42
https://www.fanatics.com/ ,?query= ,5137709,38/40/41 MM,,Fanatics,C-AB1-153-38
https://www.fanatics.com/ ,?query= ,5137709,42/44/45/49 MM,,Fanatics,C-AB1-153-42
https://www.fanatics.com/ ,?query= ,5137627,38/40/41 MM,,Fanatics,C-AB1-154-38
https://www.fanatics.com/ ,?query= ,5137627,42/44/45/49 MM,,Fanatics,C-AB1-154-42
https://www.fanatics.com/ ,?query= ,5137688,38/40/41 MM,,Fanatics,C-AB1-155-38
https://www.fanatics.com/ ,?query= ,5137688,42/44/45/49 MM,,Fanatics,C-AB1-155-42
https://www.fanatics.com/ ,?query= ,5137654,38/40/41 MM,,Fanatics,C-AB1-156-38
https://www.fanatics.com/ ,?query= ,5137654,42/44/45/49 MM,,Fanatics,C-AB1-156-42
https://www.fanatics.com/ ,?query= ,5137623,38/40/41 MM,,Fanatics,C-AB1-157-38
https://www.fanatics.com/ ,?query= ,5137623,42/44/45/49 MM,,Fanatics,C-AB1-157-42
https://www.fanatics.com/ ,?query= ,5137708,38/40/41 MM,,Fanatics,C-AB1-162-38
https://www.fanatics.com/ ,?query= ,5137708,42/44/45/49 MM,,Fanatics,C-AB1-162-42
https://www.fanatics.com/ ,?query= ,5137687,38/40/41 MM,,Fanatics,C-AB1-167-38
https://www.fanatics.com/ ,?query= ,5137687,42/44/45/49 MM,,Fanatics,C-AB1-167-42
https://www.fanatics.com/ ,?query= ,5137651,38/40/41 MM,,Fanatics,C-AB1-172-38
https://www.fanatics.com/ ,?query= ,5137651,42/44/45/49 MM,,Fanatics,C-AB1-172-42
https://www.fanatics.com/ ,?query= ,5137665,38/40/41 MM,,Fanatics,C-AB1-177-38
https://www.fanatics.com/ ,?query= ,5137665,42/44/45/49 MM,,Fanatics,C-AB1-177-42
https://www.fanatics.com/ ,?query= ,5137577,38/40/41 MM,,Fanatics,C-AB1-178-38
https://www.fanatics.com/ ,?query= ,5137577,42/44/45/49 MM,,Fanatics,C-AB1-178-42
https://www.fanatics.com/ ,?query= ,5137617,38/40/41 MM,,Fanatics,C-AB1-182-38
https://www.fanatics.com/ ,?query= ,5137617,42/44/45/49 MM,,Fanatics,C-AB1-182-42
https://www.fanatics.com/ ,?query= ,5137625,38/40/41 MM,,Fanatics,C-AB1-186-38
https://www.fanatics.com/ ,?query= ,5137625,42/44/45/49 MM,,Fanatics,C-AB1-186-42
https://www.fanatics.com/ ,?query= ,5137668,38/40/41 MM,,Fanatics,C-AB1-201-38
https://www.fanatics.com/ ,?query= ,5137668,42/44/45/49 MM,,Fanatics,C-AB1-201-42
https://www.fanatics.com/ ,?query= ,5137701,38/40/41 MM,,Fanatics,C-AB1-203-38
https://www.fanatics.com/ ,?query= ,5137701,42/44/45/49 MM,,Fanatics,C-AB1-203-42
https://www.fanatics.com/ ,?query= ,5137582,38/40/41 MM,,Fanatics,C-AB1-205-38
https://www.fanatics.com/ ,?query= ,5137582,42/44/45/49 MM,,Fanatics,C-AB1-205-42
https://www.fanatics.com/ ,?query= ,5137652,38/40/41 MM,,Fanatics,C-AB1-207-38
https://www.fanatics.com/ ,?query= ,5137652,42/44/45/49 MM,,Fanatics,C-AB1-207-42
https://www.fanatics.com/ ,?query= ,5137602,38/40/41 MM,,Fanatics,C-AB1-277-38
https://www.fanatics.com/ ,?query= ,5137602,42/44/45/49 MM,,Fanatics,C-AB1-277-42
https://www.fanatics.com/ ,?query= ,5137644,38/40/41 MM,,Fanatics,C-AB1-280-38
https://www.fanatics.com/ ,?query= ,5137644,42/44/45/49 MM,,Fanatics,C-AB1-280-42
https://www.fanatics.com/ ,?query= ,4845409,38/40/41 MM,,Fanatics,C-AB1-307-38
https://www.fanatics.com/ ,?query= ,4845409,42/44/45/49 MM,,Fanatics,C-AB1-307-42
https://www.fanatics.com/ ,?query= ,5137616,38/40/41 MM,,Fanatics,C-AB1-317-38
https://www.fanatics.com/ ,?query= ,5137616,42/44/45/49 MM,,Fanatics,C-AB1-317-42
https://www.fanatics.com/ ,?query= ,5137586,38/40/41 MM,,Fanatics,C-AB1-365-38
https://www.fanatics.com/ ,?query= ,5137586,42/44/45/49 MM,,Fanatics,C-AB1-365-42
https://www.fanatics.com/ ,?query= ,5137604,38/40/41 MM,,Fanatics,C-AB1-376-38
https://www.fanatics.com/ ,?query= ,5137604,42/44/45/49 MM,,Fanatics,C-AB1-376-42
https://www.fanatics.com/ ,?query= ,5137642,38/40/41 MM,,Fanatics,C-AB2-101-38
https://www.fanatics.com/ ,?query= ,5137642,42/44/45/49 MM,,Fanatics,C-AB2-101-42
https://www.fanatics.com/ ,?query= ,5137639,38/40/41 MM,,Fanatics,C-AB2-117-38
https://www.fanatics.com/ ,?query= ,5137694,38/40/41 MM,,Fanatics,C-AB2-118-38
https://www.fanatics.com/ ,?query= ,5137694,42/44/45/49 MM,,Fanatics,C-AB2-118-42
https://www.fanatics.com/ ,?query= ,5137695,38/40/41 MM,,Fanatics,C-AB2-119-38
https://www.fanatics.com/ ,?query= ,5137695,42/44/45/49 MM,,Fanatics,C-AB2-119-42
https://www.fanatics.com/ ,?query= ,5137636,38/40/41 MM,,Fanatics,C-AB2-121-38
https://www.fanatics.com/ ,?query= ,5137636,42/44/45/49 MM,,Fanatics,C-AB2-121-42
https://www.fanatics.com/ ,?query= ,5137692,38/40/41 MM,,Fanatics,C-AB2-125-38
https://www.fanatics.com/ ,?query= ,5137692,42/44/45/49 MM,,Fanatics,C-AB2-125-42
https://www.fanatics.com/ ,?query= ,5137574,38/40/41 MM,,Fanatics,C-AB2-132-38
https://www.fanatics.com/ ,?query= ,5137574,42/44/45/49 MM,,Fanatics,C-AB2-132-42
https://www.fanatics.com/ ,?query= ,5137710,38/40/41 MM,,Fanatics,C-AB2-133-38
https://www.fanatics.com/ ,?query= ,5137710,42/44/45/49 MM,,Fanatics,C-AB2-133-42
https://www.fanatics.com/ ,?query= ,5137607,38/40/41 MM,,Fanatics,C-AB2-135-38
https://www.fanatics.com/ ,?query= ,5137607,42/44/45/49 MM,,Fanatics,C-AB2-135-42
https://www.fanatics.com/ ,?query= ,5137634,38/40/41 MM,,Fanatics,C-AB2-145-38
https://www.fanatics.com/ ,?query= ,5137603,38/40/41 MM,,Fanatics,C-AB2-150-38
https://www.fanatics.com/ ,?query= ,5137603,42/44/45/49 MM,,Fanatics,C-AB2-150-42
https://www.fanatics.com/ ,?query= ,5137653,38/40/41 MM,,Fanatics,C-AB2-156-38
https://www.fanatics.com/ ,?query= ,5137653,42/44/45/49 MM,,Fanatics,C-AB2-156-42
https://www.fanatics.com/ ,?query= ,5137706,38/40/41 MM,,Fanatics,C-AB2-163-38
https://www.fanatics.com/ ,?query= ,5137706,42/44/45/49 MM,,Fanatics,C-AB2-163-42
https://www.fanatics.com/ ,?query= ,5137685,38/40/41 MM,,Fanatics,C-AB2-173-38
https://www.fanatics.com/ ,?query= ,5137685,42/44/45/49 MM,,Fanatics,C-AB2-173-42
https://www.fanatics.com/ ,?query= ,5137664,38/40/41 MM,,Fanatics,C-AB2-177-38
https://www.fanatics.com/ ,?query= ,5137664,42/44/45/49 MM,,Fanatics,C-AB2-177-42
https://www.fanatics.com/ ,?query= ,5137578,38/40/41 MM,,Fanatics,C-AB2-178-38
https://www.fanatics.com/ ,?query= ,5137578,42/44/45/49 MM,,Fanatics,C-AB2-178-42
https://www.fanatics.com/ ,?query= ,5137618,38/40/41 MM,,Fanatics,C-AB2-182-38
https://www.fanatics.com/ ,?query= ,5137618,42/44/45/49 MM,,Fanatics,C-AB2-182-42
https://www.fanatics.com/ ,?query= ,5137624,38/40/41 MM,,Fanatics,C-AB2-186-38
https://www.fanatics.com/ ,?query= ,5137624,42/44/45/49 MM,,Fanatics,C-AB2-186-42
https://www.fanatics.com/ ,?query= ,5137667,38/40/41 MM,,Fanatics,C-AB2-201-38
https://www.fanatics.com/ ,?query= ,5137696,38/40/41 MM,,Fanatics,C-AB2-304-38
https://www.fanatics.com/ ,?query= ,5137696,42/44/45/49 MM,,Fanatics,C-AB2-304-42
https://www.fanatics.com/ ,?query= ,5137637,38/40/41 MM,,Fanatics,C-AB3-121-38
https://www.fanatics.com/ ,?query= ,5137637,42/44/45/49 MM,,Fanatics,C-AB3-121-42
https://www.fanatics.com/ ,?query= ,5137605,38/40/41 MM,,Fanatics,C-AB3-147-38
https://www.fanatics.com/ ,?query= ,5137605,42/44/45/49 MM,,Fanatics,C-AB3-147-42
https://www.fanatics.com/ ,?query= ,5137594,42/44/45/49 MM,,Fanatics,C-AB3-149-42
https://www.fanatics.com/ ,?query= ,5137626,42/44/45/49 MM,,Fanatics,C-AB3-154-42
https://www.fanatics.com/ ,?query= ,5137666,38/40/41 MM,,Fanatics,C-AB3-177-38
https://www.fanatics.com/ ,?query= ,5137666,42/44/45/49 MM,,Fanatics,C-AB3-177-42
https://www.fanatics.com/ ,?query= ,5137579,38/40/41 MM,,Fanatics,C-AB3-178-38
https://www.fanatics.com/ ,?query= ,5137579,42/44/45/49 MM,,Fanatics,C-AB3-178-42
https://www.fanatics.com/ ,?query= ,5137670,38/40/41 MM,,Fanatics,C-AB3-283-38
https://www.fanatics.com/ ,?query= ,5137670,42/44/45/49 MM,,Fanatics,C-AB3-283-42
https://www.fanatics.com/ ,?query= ,5137697,38/40/41 MM,,Fanatics,C-AB3-304-38
https://www.fanatics.com/ ,?query= ,5137697,42/44/45/49 MM,,Fanatics,C-AB3-304-42
https://www.fanatics.com/ ,?query= ,5137568,38/40/41 MM,,Fanatics,C-AB4-116-38
https://www.fanatics.com/ ,?query= ,5137568,42/44/45/49 MM,,Fanatics,C-AB4-116-42
https://www.fanatics.com/ ,?query= ,5137628,38/40/41 MM,,Fanatics,C-AB4-154-38
https://www.fanatics.com/ ,?query= ,5137628,42/44/45/49 MM,,Fanatics,C-AB4-154-42
https://www.fanatics.com/ ,?query= ,200447967,38/40/41 MM,,Fanatics,C-ABDF1-101-38
https://www.fanatics.com/ ,?query= ,200447967,42/44/45/49 MM,,Fanatics,C-ABDF1-101-42
https://www.fanatics.com/ ,?query= ,200447968,38/40/41 MM,,Fanatics,C-ABDF1-107-38
https://www.fanatics.com/ ,?query= ,200447968,42/44/45/49 MM,,Fanatics,C-ABDF1-107-42
https://www.fanatics.com/ ,?query= ,200447969,38/40/41 MM,,Fanatics,C-ABDF1-109-38
https://www.fanatics.com/ ,?query= ,200447969,42/44/45/49 MM,,Fanatics,C-ABDF1-109-42
https://www.fanatics.com/ ,?query= ,200447970,38/40/41 MM,,Fanatics,C-ABDF1-112-38
https://www.fanatics.com/ ,?query= ,200447970,42/44/45/49 MM,,Fanatics,C-ABDF1-112-42
https://www.fanatics.com/ ,?query= ,200447971,38/40/41 MM,,Fanatics,C-ABDF1-113-38
https://www.fanatics.com/ ,?query= ,200447971,42/44/45/49 MM,,Fanatics,C-ABDF1-113-42
https://www.fanatics.com/ ,?query= ,200447972,38/40/41 MM,,Fanatics,C-ABDF1-114-38
https://www.fanatics.com/ ,?query= ,200447972,42/44/45/49 MM,,Fanatics,C-ABDF1-114-42
https://www.fanatics.com/ ,?query= ,200447973,38/40/41 MM,,Fanatics,C-ABDF1-115-38
https://www.fanatics.com/ ,?query= ,200447973,42/44/45/49 MM,,Fanatics,C-ABDF1-115-42
https://www.fanatics.com/ ,?query= ,200447974,38/40/41 MM,,Fanatics,C-ABDF1-116-38
https://www.fanatics.com/ ,?query= ,200447974,42/44/45/49 MM,,Fanatics,C-ABDF1-116-42
https://www.fanatics.com/ ,?query= ,200447975,38/40/41 MM,,Fanatics,C-ABDF1-117-38
https://www.fanatics.com/ ,?query= ,200447975,42/44/45/49 MM,,Fanatics,C-ABDF1-117-42
https://www.fanatics.com/ ,?query= ,200447976,38/40/41 MM,,Fanatics,C-ABDF1-118-38
https://www.fanatics.com/ ,?query= ,200447976,42/44/45/49 MM,,Fanatics,C-ABDF1-118-42
https://www.fanatics.com/ ,?query= ,200447977,38/40/41 MM,,Fanatics,C-ABDF1-121-38
https://www.fanatics.com/ ,?query= ,200447977,42/44/45/49 MM,,Fanatics,C-ABDF1-121-42
https://www.fanatics.com/ ,?query= ,200447978,38/40/41 MM,,Fanatics,C-ABDF1-122-38
https://www.fanatics.com/ ,?query= ,200447978,42/44/45/49 MM,,Fanatics,C-ABDF1-122-42
https://www.fanatics.com/ ,?query= ,200447979,38/40/41 MM,,Fanatics,C-ABDF1-125-38
https://www.fanatics.com/ ,?query= ,200447979,42/44/45/49 MM,,Fanatics,C-ABDF1-125-42
https://www.fanatics.com/ ,?query= ,200447980,38/40/41 MM,,Fanatics,C-ABDF1-127-38
https://www.fanatics.com/ ,?query= ,200447980,42/44/45/49 MM,,Fanatics,C-ABDF1-127-42
https://www.fanatics.com/ ,?query= ,200447981,38/40/41 MM,,Fanatics,C-ABDF1-128-38
https://www.fanatics.com/ ,?query= ,200447981,42/44/45/49 MM,,Fanatics,C-ABDF1-128-42
https://www.fanatics.com/ ,?query= ,200447982,38/40/41 MM,,Fanatics,C-ABDF1-129-38
https://www.fanatics.com/ ,?query= ,200447982,42/44/45/49 MM,,Fanatics,C-ABDF1-129-42
https://www.fanatics.com/ ,?query= ,200447983,38/40/41 MM,,Fanatics,C-ABDF1-132-38
https://www.fanatics.com/ ,?query= ,200447983,42/44/45/49 MM,,Fanatics,C-ABDF1-132-42
https://www.fanatics.com/ ,?query= ,200447984,38/40/41 MM,,Fanatics,C-ABDF1-133-38
https://www.fanatics.com/ ,?query= ,200447984,42/44/45/49 MM,,Fanatics,C-ABDF1-133-42
https://www.fanatics.com/ ,?query= ,200447985,38/40/41 MM,,Fanatics,C-ABDF1-135-38
https://www.fanatics.com/ ,?query= ,200447985,42/44/45/49 MM,,Fanatics,C-ABDF1-135-42
https://www.fanatics.com/ ,?query= ,200447986,38/40/41 MM,,Fanatics,C-ABDF1-136-38
https://www.fanatics.com/ ,?query= ,200447986,42/44/45/49 MM,,Fanatics,C-ABDF1-136-42
https://www.fanatics.com/ ,?query= ,200447987,38/40/41 MM,,Fanatics,C-ABDF1-137-38
https://www.fanatics.com/ ,?query= ,200447987,42/44/45/49 MM,,Fanatics,C-ABDF1-137-42
https://www.fanatics.com/ ,?query= ,200447988,38/40/41 MM,,Fanatics,C-ABDF1-140-38
https://www.fanatics.com/ ,?query= ,200447988,42/44/45/49 MM,,Fanatics,C-ABDF1-140-42
https://www.fanatics.com/ ,?query= ,200447989,38/40/41 MM,,Fanatics,C-ABDF1-145-38
https://www.fanatics.com/ ,?query= ,200447989,42/44/45/49 MM,,Fanatics,C-ABDF1-145-42
https://www.fanatics.com/ ,?query= ,200447990,38/40/41 MM,,Fanatics,C-ABDF1-147-38
https://www.fanatics.com/ ,?query= ,200447990,42/44/45/49 MM,,Fanatics,C-ABDF1-147-42
https://www.fanatics.com/ ,?query= ,200447991,38/40/41 MM,,Fanatics,C-ABDF1-149-38
https://www.fanatics.com/ ,?query= ,200447991,42/44/45/49 MM,,Fanatics,C-ABDF1-149-42
https://www.fanatics.com/ ,?query= ,200447992,38/40/41 MM,,Fanatics,C-ABDF1-150-38
https://www.fanatics.com/ ,?query= ,200447992,42/44/45/49 MM,,Fanatics,C-ABDF1-150-42
https://www.fanatics.com/ ,?query= ,200447993,38/40/41 MM,,Fanatics,C-ABDF1-153-38
https://www.fanatics.com/ ,?query= ,200447993,42/44/45/49 MM,,Fanatics,C-ABDF1-153-42
https://www.fanatics.com/ ,?query= ,200447994,38/40/41 MM,,Fanatics,C-ABDF1-154-38
https://www.fanatics.com/ ,?query= ,200447994,42/44/45/49 MM,,Fanatics,C-ABDF1-154-42
https://www.fanatics.com/ ,?query= ,200447995,38/40/41 MM,,Fanatics,C-ABDF1-155-38
https://www.fanatics.com/ ,?query= ,200447995,42/44/45/49 MM,,Fanatics,C-ABDF1-155-42
https://www.fanatics.com/ ,?query= ,200447996,38/40/41 MM,,Fanatics,C-ABDF1-156-38
https://www.fanatics.com/ ,?query= ,200447996,42/44/45/49 MM,,Fanatics,C-ABDF1-156-42
https://www.fanatics.com/ ,?query= ,200447997,38/40/41 MM,,Fanatics,C-ABDF1-157-38
https://www.fanatics.com/ ,?query= ,200447997,42/44/45/49 MM,,Fanatics,C-ABDF1-157-42
https://www.fanatics.com/ ,?query= ,200447998,38/40/41 MM,,Fanatics,C-ABDF1-162-38
https://www.fanatics.com/ ,?query= ,200447998,42/44/45/49 MM,,Fanatics,C-ABDF1-162-42
https://www.fanatics.com/ ,?query= ,200447999,38/40/41 MM,,Fanatics,C-ABDF1-163-38
https://www.fanatics.com/ ,?query= ,200447999,42/44/45/49 MM,,Fanatics,C-ABDF1-163-42
https://www.fanatics.com/ ,?query= ,200448000,38/40/41 MM,,Fanatics,C-ABDF1-172-38
https://www.fanatics.com/ ,?query= ,200448000,42/44/45/49 MM,,Fanatics,C-ABDF1-172-42
https://www.fanatics.com/ ,?query= ,200448001,38/40/41 MM,,Fanatics,C-ABDF1-173-38
https://www.fanatics.com/ ,?query= ,200448001,42/44/45/49 MM,,Fanatics,C-ABDF1-173-42
https://www.fanatics.com/ ,?query= ,200448002,38/40/41 MM,,Fanatics,C-ABDF1-177-38
https://www.fanatics.com/ ,?query= ,200448002,42/44/45/49 MM,,Fanatics,C-ABDF1-177-42
https://www.fanatics.com/ ,?query= ,200448003,38/40/41 MM,,Fanatics,C-ABDF1-178-38
https://www.fanatics.com/ ,?query= ,200448003,42/44/45/49 MM,,Fanatics,C-ABDF1-178-42
https://www.fanatics.com/ ,?query= ,200448004,38/40/41 MM,,Fanatics,C-ABDF1-182-38
https://www.fanatics.com/ ,?query= ,200448004,42/44/45/49 MM,,Fanatics,C-ABDF1-182-42
https://www.fanatics.com/ ,?query= ,200448005,38/40/41 MM,,Fanatics,C-ABDF1-186-38
https://www.fanatics.com/ ,?query= ,200448005,42/44/45/49 MM,,Fanatics,C-ABDF1-186-42
https://www.fanatics.com/ ,?query= ,200448006,38/40/41 MM,,Fanatics,C-ABDF1-201-38
https://www.fanatics.com/ ,?query= ,200448006,42/44/45/49 MM,,Fanatics,C-ABDF1-201-42
https://www.fanatics.com/ ,?query= ,200448007,38/40/41 MM,,Fanatics,C-ABDF1-203-38
https://www.fanatics.com/ ,?query= ,200448007,42/44/45/49 MM,,Fanatics,C-ABDF1-203-42
https://www.fanatics.com/ ,?query= ,200448008,38/40/41 MM,,Fanatics,C-ABDF1-205-38
https://www.fanatics.com/ ,?query= ,200448008,42/44/45/49 MM,,Fanatics,C-ABDF1-205-42
https://www.fanatics.com/ ,?query= ,200448009,38/40/41 MM,,Fanatics,C-ABDF1-207-38
https://www.fanatics.com/ ,?query= ,200448009,42/44/45/49 MM,,Fanatics,C-ABDF1-207-42
https://www.fanatics.com/ ,?query= ,200448010,38/40/41 MM,,Fanatics,C-ABDF1-283-38
https://www.fanatics.com/ ,?query= ,200448010,42/44/45/49 MM,,Fanatics,C-ABDF1-283-42
https://www.fanatics.com/ ,?query= ,200448011,38/40/41 MM,,Fanatics,C-ABDF1-304-38
https://www.fanatics.com/ ,?query= ,200448011,42/44/45/49 MM,,Fanatics,C-ABDF1-304-42
https://www.fanatics.com/ ,?query= ,200448012,38/40/41 MM,,Fanatics,C-ABDF1-307-38
https://www.fanatics.com/ ,?query= ,200448012,42/44/45/49 MM,,Fanatics,C-ABDF1-307-42
https://www.fanatics.com/ ,?query= ,200448013,38/40/41 MM,,Fanatics,C-ABDF1-317-38
https://www.fanatics.com/ ,?query= ,200448013,42/44/45/49 MM,,Fanatics,C-ABDF1-317-42
https://www.fanatics.com/ ,?query= ,200448014,38/40/41 MM,,Fanatics,C-ABDF1-365-38
https://www.fanatics.com/ ,?query= ,200448014,42/44/45/49 MM,,Fanatics,C-ABDF1-365-42
